"RecordType","Subject","ClaimOrAsset","RequiredEvidence","CurrentState","PublicationState","OwnerDecision","Notes"
"CLAIM","Personal brand","بیش از سه دهه همراه فناوری","Timeline and owner confirmation","OWNER_APPROVED","ALLOWED","APPROVED","Avoid claiming 30+ professional years without separate evidence"
"CONTACT","Public email","hello@amirmotefaker.ir","Mailbox delivery plus SPF/DKIM/DMARC tests","DECISION_APPROVED","NOT_CONFIGURED","APPROVED","Do not use as infrastructure administrator account"
"SCHEDULE","Technology News","07:00 Asia/Tehran","Scheduler test and timezone test","DECISION_APPROVED","NOT_CONFIGURED","APPROVED","Pilot remains Draft-only"
"ASSET","Personal portrait","Owner-provided portrait","Original file plus usage approval","AVAILABLE","READY_FOR_DESIGN","APPROVED","No face replacement"
"ASSET","Personal logo","Existing green/purple wordmark","Original file plus refinement review","AVAILABLE","REFINE","APPROVED_IN_PRINCIPLE","Create SVG, monogram and mono variants"
"PRODUCT","LinkResan","Production · Active","Official product evidence","PARTIAL","REVIEW_REQUIRED","APPROVED_ORDER","Remove sensitive data from screenshots"
"PRODUCT","Farsi Smart Assistant","Build & Validate","Repository and product-test evidence","PARTIAL","REVIEW_REQUIRED","APPROVED_ORDER","No store-publication claim"
"PRODUCT","Ava","Discovery / Pre-MVP","Prototype evidence","PARTIAL","CONCEPT_ONLY","APPROVED_ORDER","Label every mockup Concept"
"CLAIM","Resume metrics","Sales and growth numbers","Source document or owner evidence","UNKNOWN","BLOCKED","EVIDENCE_REQUIRED","Assign Evidence State per claim"
